CREATE TABLE TiposAutomotores (
  auttipo INT PRIMARY KEY,
  autoplaca VARCHAR(6),
  automarca VARCHAR(30),
  autotipo INT,
  automodelo INT,
  autopasajeros INT,
  autocilindraje INT,
  autonumchasis VARCHAR(20)
);
CREATE TABLE Automotores (
  autoplaca VARCHAR(6) PRIMARY KEY,
  automarca VARCHAR(30),
  autotipo INT,
  automodelo INT,
  autopasajeros INT,
  autocilindraje INT,
  autonumchasis VARCHAR(20),
  FOREIGN KEY (autotipo) REFERENCES TiposAutomotores(auttipo)
);
CREATE TABLE Aseguramientos (
  asecodigo SERIAL PRIMARY KEY,
  asefechainicio DATE,
  asefechaexpiracion DATE,
  asevalorasegurado INT,
  aseestado VARCHAR,
  asecosto INT,
  aseplaca VARCHAR(6),
  FOREIGN KEY (aseplaca) REFERENCES Automotores(autoplaca)
);
CREATE TABLE Incidentes (
  incicodigo SERIAL PRIMARY KEY,
  incifecha DATE,
  inciplaca VARCHAR(6),
  incilugar VARCHAR(40),
  inciantheridos INT,
  incicanfatalidades INT,
  incicanautosinvolucrados INT,
  FOREIGN KEY (inciplaca) REFERENCES Automotores(autoplaca)
);


INSERT INTO TiposAutomotores (auttipo, autoplaca, automarca, autotipo, automodelo, autopasajeros, autocilindraje, autonumchasis) VALUES
(4, 'GHI012', 'Chevrolet', 2, 2023, 5, 1900, 'CHASIS004'),
(5, 'JKL345', 'Nissan', 1, 2022, 5, 2100, 'CHASIS005'),
(6, 'MNO678', 'Volkswagen', 2, 2023, 5, 1700, 'CHASIS006'),
(7, 'PQR901', 'Kia', 1, 2022, 5, 1800, 'CHASIS007'),
(8, 'STU234', 'Hyundai', 2, 2023, 5, 2000, 'CHASIS008'),
(9, 'VWX567', 'Mazda', 1, 2022, 5, 1900, 'CHASIS009'),
(10, 'YZA890', 'Subaru', 2, 2023, 5, 2200, 'CHASIS010'),
(11, 'BCD123', 'Audi', 3, 2022, 5, 1800, 'CHASIS011'),
(12, 'EFG456', 'Mercedes-Benz', 3, 2023, 5, 1900, 'CHASIS012'),
(13, 'HIJ789', 'BMW', 3, 2022, 5, 2100, 'CHASIS013'),
(14, 'KLM012', 'Lexus', 4, 2023, 5, 2000, 'CHASIS014'),
(15, 'NOP345', 'Jaguar', 4, 2022, 5, 2200, 'CHASIS015'),
(16, 'QRS678', 'Acura', 4, 2023, 5, 1800, 'CHASIS016'),
(17, 'TUV901', 'Tesla', 5, 2022, 5, 2100, 'CHASIS017'),
(18, 'WXY234', 'Porsche', 5, 2023, 5, 1900, 'CHASIS018'),
(19, 'ZAB567', 'Ferrari', 5, 2022, 5, 2000, 'CHASIS019'),
(20, 'CDE890', 'Lamborghini', 6, 2023, 5, 2200, 'CHASIS020'),
(21, 'FGH123', 'Bugatti', 6, 2022, 5, 1800, 'CHASIS021'),
(22, 'IJK456', 'McLaren', 6, 2023, 5, 2100, 'CHASIS022'),
(23, 'LMN789', 'Maserati', 7, 2022, 5, 2000, 'CHASIS023'),
(24, 'OPQ012', 'Lotus', 7, 2023, 5, 2200, 'CHASIS024'),
(25, 'RST345', 'Rolls-Royce', 7, 2022, 5, 1800, 'CHASIS025'),
(26, 'UVW678', 'Bentley', 8, 2023, 5, 2100, 'CHASIS026'),
(27, 'XYZ901', 'Aston Martin', 8, 2022, 5, 1900, 'CHASIS027'),
(28, 'ABC234', 'Volvo', 8, 2023, 5, 2000, 'CHASIS028'),
(29, 'DEFG56', 'Land Rover', 9, 2022, 5, 2200, 'CHASIS029'),
(30, 'HIJ789', 'Jeep', 9, 2023, 5, 1800, 'CHASIS030'),
(31, 'KLM012', 'Subaru', 9, 2022, 5, 2100, 'CHASIS031'),
(32, 'NOP345', 'Kia', 10, 2023, 5, 2000, 'CHASIS032'),
(33, 'QRS678', 'Hyundai', 10, 2022, 5, 2200, 'CHASIS033'),
(34, 'TUV901', 'Nissan', 10, 2023, 5, 1800, 'CHASIS034'),
(35, 'WXY234', 'Mazda', 11, 2022, 5, 2100, 'CHASIS035'),
(36, 'ZAB567', 'Volkswagen', 11, 2023, 5, 1900, 'CHASIS036'),
(37, 'CDE890', 'Ford', 11, 2022, 5, 2000, 'CHASIS037'),
(38, 'FGH123', 'Chevrolet', 12, 2023, 5, 2200, 'CHASIS038'),
(39, 'IJK456', 'Honda', 12, 2022, 5, 1800, 'CHASIS039'),
(40, 'LMN789', 'Toyota', 12, 2023, 5, 2100, 'CHASIS040'),
(41, 'OPQ012', 'Mitsubishi', 13, 2022, 5, 2000, 'CHASIS041'),
(42, 'RST345', 'Subaru', 13, 2023, 5, 2200, 'CHASIS042'),
(43, 'UVW678', 'Mazda', 13, 2022, 5, 1800, 'CHASIS043'),
(44, 'XYZ901', 'Kia', 14, 2023, 5, 2100, 'CHASIS044'),
(45, 'ABC234', 'Hyundai', 14, 2022, 5, 1900, 'CHASIS045'),
(46, 'DEFG56', 'Ford', 14, 2023, 5, 2000, 'CHASIS046'),
(47, 'HIJ789', 'Chevrolet', 15, 2022, 5, 2200, 'CHASIS047'),
(48, 'KLM012', 'Honda', 15, 2023, 5, 1800, 'CHASIS048'),
(49, 'NOP345', 'Toyota', 15, 2022, 5, 2100, 'CHASIS049'),
(50, 'QRS678', 'Nissan', 16, 2023, 5, 2000, 'CHASIS050');


-- Insertar 50 registros en la tabla Automotores con valores únicos en autoplaca
INSERT INTO Automotores (autoplaca, automarca, autotipo, automodelo, autopasajeros, autocilindraje, autonumchasis) VALUES
('A12345', 'Toyota', 1, 2022, 5, 2000, 'CHASIS001'),
('B23456', 'Honda', 2, 2023, 5, 1800, 'CHASIS002'),
('C34567', 'Ford', 3, 2022, 5, 2200, 'CHASIS003'),
('D45678', 'Chevrolet', 4, 2023, 5, 1900, 'CHASIS004'),
('E56789', 'Nissan', 5, 2022, 5, 2100, 'CHASIS005'),
('F67890', 'Volkswagen', 6, 2023, 5, 1700, 'CHASIS006'),
('G78901', 'Kia', 7, 2022, 5, 1800, 'CHASIS007'),
('H89012', 'Hyundai', 8, 2023, 5, 2000, 'CHASIS008'),
('I90123', 'Mazda', 9, 2022, 5, 1900, 'CHASIS009'),
('J01234', 'Subaru', 10, 2023, 5, 2200, 'CHASIS010'),
('K12345', 'Audi', 11, 2022, 5, 1800, 'CHASIS011'),
('L23456', 'Mercedes-Benz', 12, 2023, 5, 1900, 'CHASIS012'),
('M34567', 'BMW', 13, 2022, 5, 2100, 'CHASIS013'),
('N45678', 'Lexus', 14, 2023, 5, 2000, 'CHASIS014'),
('O56789', 'Jaguar', 15, 2022, 5, 2200, 'CHASIS015'),
('P67890', 'Acura', 16, 2023, 5, 1800, 'CHASIS016'),
('Q78901', 'Tesla', 17, 2022, 5, 2100, 'CHASIS017'),
('R89012', 'Porsche', 18, 2023, 5, 1900, 'CHASIS018'),
('S90123', 'Ferrari', 19, 2022, 5, 2000, 'CHASIS019'),
('T01234', 'Lamborghini', 20, 2023, 5, 2200, 'CHASIS020'),
('U12345', 'Bugatti', 21, 2022, 5, 1800, 'CHASIS021'),
('V23456', 'McLaren', 22, 2023, 5, 2100, 'CHASIS022'),
('W34567', 'Maserati', 23, 2022, 5, 2000, 'CHASIS023'),
('X45678', 'Lotus', 24, 2023, 5, 2200, 'CHASIS024'),
('Y56789', 'Rolls-Royce', 25, 2022, 5, 1800, 'CHASIS025'),
('Z67890', 'Bentley', 26, 2023, 5, 2100, 'CHASIS026'),
('A78901', 'Aston Martin', 27, 2022, 5, 1900, 'CHASIS027'),
('B89012', 'Volvo', 28, 2023, 5, 2000, 'CHASIS028'),
('C90123', 'Land Rover', 29, 2022, 5, 2200, 'CHASIS029'),
('D01234', 'Jeep', 30, 2023, 5, 1800, 'CHASIS030'),
('E12345', 'Subaru', 31, 2022, 5, 2100, 'CHASIS031'),
('F23456', 'Kia', 32, 2023, 5, 2000, 'CHASIS032'),
('G34567', 'Hyundai', 33, 2022, 5, 2200, 'CHASIS033'),
('H45678', 'Nissan', 34, 2023, 5, 1800, 'CHASIS034'),
('I56789', 'Mazda', 35, 2022, 5, 2100, 'CHASIS035'),
('J67890', 'Volkswagen', 36, 2023, 5, 1900, 'CHASIS036'),
('K78901', 'Ford', 37, 2022, 5, 2000, 'CHASIS037'),
('L89012', 'Chevrolet', 38, 2023, 5, 2200, 'CHASIS038'),
('M90123', 'Honda', 39, 2022, 5, 1800, 'CHASIS039'),
('N01234', 'Toyota', 40, 2023, 5, 2100, 'CHASIS040'),
('O12345', 'Mitsubishi', 41, 2022, 5, 2000, 'CHASIS041'),
('P23456', 'Subaru', 42, 2023, 5, 2200, 'CHASIS042'),
('Q34567', 'Mazda', 43, 2022, 5, 1800, 'CHASIS043'),
('R45678', 'Kia', 44, 2023, 5, 2100, 'CHASIS044'),
('S56789', 'Hyundai', 45, 2022, 5, 1900, 'CHASIS045'),
('T67890', 'Ford', 46, 2023, 5, 2000, 'CHASIS046'),
('U78901', 'Chevrolet', 47, 2022, 5, 2200, 'CHASIS047'),
('V89012', 'Honda', 48, 2023, 5, 1800, 'CHASIS048'),
('W90123', 'Toyota', 49, 2022, 5, 2100, 'CHASIS049'),
('X01234', 'Nissan', 50, 2023, 5, 2000, 'CHASIS050');



-- Insertar 50 registros en la tabla Aseguramientos
INSERT INTO Aseguramientos (asefechainicio, asefechaexpiracion, asevalorasegurado, aseestado, asecosto, aseplaca) VALUES
('2022-01-01', '2022-12-31', 30000, 'Vigente', 800, 'A12345'),
('2022-02-01', '2022-12-31', 35000, 'Vigente', 850, 'B23456'),
('2022-03-01', '2022-12-31', 40000, 'Vigente', 900, 'C34567'),
('2022-04-01', '2022-12-31', 45000, 'Vigente', 950, 'D45678'),
('2022-05-01', '2022-12-31', 50000, 'Vigente', 1000, 'E56789'),
('2022-06-01', '2022-12-31', 55000, 'Vigente', 1050, 'F67890'),
('2022-07-01', '2022-12-31', 60000, 'Vigente', 1100, 'G78901'),
('2022-08-01', '2022-12-31', 65000, 'Vigente', 1150, 'H89012'),
('2022-09-01', '2022-12-31', 70000, 'Vigente', 1200, 'I90123'),
('2022-10-01', '2022-12-31', 75000, 'Vigente', 1250, 'J01234'),
('2022-11-01', '2022-12-31', 80000, 'Vigente', 1300, 'K12345'),
('2022-12-01', '2022-12-31', 85000, 'Vigente', 1350, 'L23456'),
('2023-01-01', '2023-12-31', 90000, 'Vigente', 1400, 'M34567'),
('2023-02-01', '2023-12-31', 95000, 'Vigente', 1450, 'N45678'),
('2023-03-01', '2023-12-31', 100000, 'Vigente', 1500, 'O56789'),
('2023-04-01', '2023-12-31', 105000, 'Vigente', 1550, 'P67890'),
('2023-05-01', '2023-12-31', 110000, 'Vigente', 1600, 'Q78901'),
('2023-06-01', '2023-12-31', 115000, 'Vigente', 1650, 'R89012'),
('2023-07-01', '2023-12-31', 120000, 'Vigente', 1700, 'S90123'),
('2023-08-01', '2023-12-31', 125000, 'Vigente', 1750, 'T01234'),
('2023-09-01', '2023-12-31', 130000, 'Vigente', 1800, 'U12345'),
('2023-10-01', '2023-12-31', 135000, 'Vigente', 1850, 'V23456'),
('2023-11-01', '2023-12-31', 140000, 'Vigente', 1900, 'W34567'),
('2023-12-01', '2023-12-31', 145000, 'Vigente', 1950, 'X45678'),
('2024-02-01', '2024-12-31', 155000, 'Vigente', 2050, 'Z67890'),
('2024-03-01', '2024-12-31', 160000, 'Vigente', 2100, 'A78901'),
('2024-04-01', '2024-12-31', 165000, 'Vigente', 2150, 'B89012'),
('2024-05-01', '2024-12-31', 170000, 'Vigente', 2200, 'C90123'),
('2024-06-01', '2024-12-31', 175000, 'Vigente', 2250, 'D01234'),
('2024-07-01', '2024-12-31', 180000, 'Vigente', 2300, 'E12345'),
('2024-08-01', '2024-12-31', 185000, 'Vigente', 2350, 'F23456'),
('2024-09-01', '2024-12-31', 190000, 'Vigente', 2400, 'G34567'),
('2024-10-01', '2024-12-31', 195000, 'Vigente', 2450, 'H45678'),
('2024-11-01', '2024-12-31', 200000, 'Vigente', 2500, 'I56789'),
('2024-12-01', '2024-12-31', 205000, 'Vigente', 2550, 'J67890'),
('2025-01-01', '2025-12-31', 210000, 'Vigente', 2600, 'K78901'),
('2025-02-01', '2025-12-31', 215000, 'Vigente', 2650, 'L89012'),
('2025-03-01', '2025-12-31', 220000, 'Vigente', 2700, 'M90123'),
('2025-04-01', '2025-12-31', 225000, 'Vigente', 2750, 'N01234'),
('2025-05-01', '2025-12-31', 230000, 'Vigente', 2800, 'O12345'),
('2025-06-01', '2025-12-31', 235000, 'Vigente', 2850, 'P23456'),
('2025-07-01', '2025-12-31', 240000, 'Vigente', 2900, 'Q34567'),
('2025-08-01', '2025-12-31', 245000, 'Vigente', 2950, 'R89012'),
('2025-09-01', '2025-12-31', 250000, 'Vigente', 3000, 'S90123'),
('2025-10-01', '2025-12-31', 255000, 'Vigente', 3050, 'T01234'),
('2025-11-01', '2025-12-31', 260000, 'Vigente', 3100, 'U12345');



-- Insertar 50 registros en la tabla Incidentes
INSERT INTO Incidentes (incifecha, inciplaca, incilugar, inciantheridos, incicanfatalidades, incicanautosinvolucrados) VALUES
('2022-01-15', 'A12345', 'Calle 1', 2, 0, 2),
('2022-02-20', 'B23456', 'Avenida 2', 1, 0, 1),
('2022-03-25', 'C34567', 'Calle 3', 4, 1, 3),
('2022-04-10', 'D45678', 'Avenida 4', 3, 1, 2),
('2022-05-12', 'E56789', 'Calle 5', 0, 0, 1),
('2022-06-30', 'F67890', 'Avenida 6', 5, 2, 4),
('2022-07-04', 'G78901', 'Calle 7', 1, 0, 1),
('2022-08-17', 'H89012', 'Avenida 8', 3, 0, 2),
('2022-09-22', 'I90123', 'Calle 9', 0, 0, 1),
('2022-10-11', 'J01234', 'Avenida 10', 2, 1, 1),
('2022-11-08', 'K12345', 'Calle 11', 0, 0, 1),
('2022-12-05', 'L23456', 'Avenida 12', 1, 0, 1),
('2023-01-04', 'M34567', 'Calle 13', 3, 0, 2),
('2023-02-03', 'N45678', 'Avenida 14', 2, 1, 2),
('2023-03-02', 'O56789', 'Calle 15', 1, 0, 1),
('2023-04-01', 'P67890', 'Avenida 16', 5, 1, 3),
('2023-05-10', 'Q78901', 'Calle 17', 2, 0, 2),
('2023-06-18', 'R89012', 'Avenida 18', 4, 2, 3),
('2023-07-22', 'S90123', 'Calle 19', 0, 0, 1),
('2023-08-14', 'T01234', 'Avenida 20', 1, 0, 1),
('2023-09-27', 'U12345', 'Calle 21', 0, 0, 1),
('2023-10-08', 'V23456', 'Avenida 22', 3, 1, 2),
('2023-11-30', 'W34567', 'Calle 23', 2, 0, 2),
('2023-12-24', 'X45678', 'Avenida 24', 1, 0, 1),
('2024-02-18', 'Z67890', 'Avenida 26', 5, 2, 4),
('2024-03-20', 'A78901', 'Calle 27', 0, 0, 1),
('2024-04-28', 'B89012', 'Avenida 28', 1, 0, 1),
('2024-05-15', 'C90123', 'Calle 29', 2, 1, 2),
('2024-06-12', 'D01234', 'Avenida 30', 0, 0, 1),
('2024-07-09', 'E12345', 'Calle 31', 3, 0, 2),
('2024-08-19', 'F23456', 'Avenida 32', 2, 1, 2),
('2024-09-30', 'G34567', 'Calle 33', 0, 0, 1),
('2024-10-28', 'H45678', 'Avenida 34', 5, 1, 3),
('2024-11-26', 'I56789', 'Calle 35', 2, 0, 2),
('2024-12-12', 'J67890', 'Avenida 36', 4, 2, 3),
('2025-01-06', 'K78901', 'Calle 37', 1, 0, 1),
('2025-02-15', 'L89012', 'Avenida 38', 0, 0, 1),
('2025-03-24', 'M90123', 'Calle 39', 5, 1, 3),
('2025-04-02', 'N01234', 'Avenida 40', 2, 0, 2),
('2025-05-01', 'O12345', 'Calle 41', 1, 0, 1),
('2025-06-19', 'P23456', 'Avenida 42', 3, 0, 2),
('2025-07-28', 'Q34567', 'Calle 43', 0, 0, 1),
('2025-08-21', 'R89012', 'Avenida 44', 4, 1, 3),
('2025-09-14', 'S90123', 'Calle 45', 1, 0, 1),
('2025-10-10', 'T01234', 'Avenida 46', 5, 2, 4),
('2025-11-02', 'U12345', 'Calle 47', 2, 1, 2)
